<?xml version="1.0" encoding="UTF-8"?>
<!DOCTYPE mapper
  PUBLIC "-//mybatis.org//DTD Mapper 3.0//EN"
  "http://mybatis.org/dtd/mybatis-3-mapper.dtd">
<mapper namespace="member.board.dao.MemDao">

	<insert id="insertMem" parameterType="member.board.dto.MemDto">
		insert into mem values(#{id},#{password}, #{name}, #{birth}, #{address})
	</insert>

	<update id="updateMem" parameterType="member.board.dto.MemDto">
	update mem set password=#{password}, 
	name=#{name}, birth = #{birth},address=#{address}
	where id=#{id} 
	</update>

	<delete id="deleteMem" parameterType="String">
		delete from mem where id = #{id}
	</delete>

	<select id="idCheck" parameterType="String" resultType="String">
		select id from mem where id =#{id}
	</select>

	<select id="login" parameterType="member.board.dto.MemDto" 
	resultType="member.board.dto.MemDto">
	select * from mem where id=#{id} and password=#{password}
	</select> 
	

</mapper>